ticker,date,time,title
AMZN,Jan-16-23,01:27PM,2 FAANG Stocks to Buy in 2023 and 1 to Avoid: Here's Why Motley Fool
AMZN,Jan-16-23,12:45PM,Davos: PwC survey finds 'bleak CEO outlook' for 2023 Yahoo Finance
AMZN,Jan-16-23,11:36AM,2 Stocks to Benefit From Falling Inflation GuruFocus.com
AMZN,Jan-16-23,11:29AM,Big Tech Stocks Could Rebound Big Time. Heres How. Barrons.com
AMZN,Jan-16-23,10:34AM,Amazon Has a Partner for Enterprise Blockchain Tech. Its Crypto Token Has Soared. Barrons.com
AMZN,Jan-16-23,10:30AM,Loading…
AMZN,Jan-16-23,10:30AM,"Target, Amazon and 4 More Retailers That Will Reward You for Turning in Your Old Stuff GOBankingRates"
AMZN,Jan-16-23,10:00AM,4 Reasons You Should Cancel Amazon Prime GOBankingRates
AMZN,Jan-16-23,09:15AM,This Growth Stock Has Market-Beating Potential Motley Fool
AMZN,Jan-16-23,07:10AM,History Says the Nasdaq Could Soar in 2023 -- 5 Stocks You'll Wish You'd Bought if It Does Motley Fool
AMZN,Jan-16-23,05:50AM,"Up 4% in 2023, Is It Safe to Invest in the Stock Market Right Now? Motley Fool"
AMZN,Jan-15-23,09:31AM,Value Stocks Had a Better Year Than Growth Stocks. Time for a Victory Lap? Motley Fool
AMZN,Jan-15-23,08:00AM,3 Bear Market Tech Stocks Most Likely to Make a Comeback Motley Fool
AMZN,Jan-15-23,06:17AM,Looking for the Next Ten-Bagger? Focus on Market Share Motley Fool
AMZN,Jan-15-23,05:44AM,2 Growth Stocks to Hold for the Next 10 Years Motley Fool
AMZN,Jan-15-23,05:30AM,Big Tech Companies Prep for a Tough Year The Wall Street Journal
AMZN,Jan-15-23,01:50PM,Loading…
AMZN,Jan-14-23,01:50PM,Amazon HR Staffers Turn From Hiring to Seeking Jobs Themselves Bloomberg
AMZN,Jan-14-23,09:44AM,Big Tech CEOs Give Investors Something to Think About Motley Fool
AMZN,Jan-14-23,08:10AM,"Amazon: We still like the stock, analyst says following layoffs Yahoo Finance"
AMZN,Jan-14-23,07:45AM,Teladoc Health: Bull vs. Bear Motley Fool
AMZN,Jan-14-23,07:30AM,2 FAANG Stocks the Smartest Investors Are Buying Hand Over Fist in a Bear Market Motley Fool
AMZN,Jan-14-23,07:00AM,5 Situations Where People Spend Way Too Much Motley Fool
AMZN,Jan-14-23,05:55AM,Why Amazon and Alphabet Are Still 2 of My Highest-Conviction Stocks in 2023 Motley Fool
AMZN,Jan-13-23,06:23PM,Weekly Roundup TheStreet.com
AMZN,Jan-13-23,04:15PM,Don't Let the Sinking Stock Price Scare You: Amazon Is a No-Brainer Buy Motley Fool
AMZN,Jan-13-23,04:08PM,"Stocks moving ahead of the close: Wendys, Amazon, Tesla Yahoo Finance Video"
AMZN,Jan-13-23,03:00PM,Is This CEO the Next Jeff Bezos? Motley Fool
AMZN,Jan-13-23,01:48PM,Here's Why BigCommerce Stock Surged This Week Motley Fool
AMZN,Jan-13-23,01:30PM,Amazon and Tech Startups Fight Back Against Car Break-Ins and Smash and Grabs Benzinga
AMZN,Jan-13-23,01:14PM,Wall Street Has Near-Term Concerns Over AWS. Why Its Still Bullish on Amazon Stock. Barrons.com
AMZN,Jan-13-23,12:30PM,Imax (IMAX) Looks Forward to Speed-Up Its Expansion Plans for India Zacks
AMZN,Jan-13-23,11:45AM,Loading…
AMZN,Jan-13-23,11:45AM,Better Buy: Amazon Stock vs. Microsoft Stock Motley Fool
AMZN,Jan-13-23,11:43AM,Big Tech Could Rebound Big Time. Heres How. Barrons.com
AMZN,Jan-13-23,07:48AM,Colliers Report: Broward warehouse rents rise 32% year-over-year American City Business Journals
AMZN,Jan-13-23,07:39AM,2 Stocks Near 52-Week Lows That Could Soar in 2023 Motley Fool
AMZN,Jan-13-23,07:33AM,From the Editor: Our year without Prime 'wasnt a boycott American City Business Journals
AMZN,Jan-13-23,06:30AM,This Famous Investor Just Called Amazon Stock a No-Brainer. Is He Right? Motley Fool
AMZN,Jan-13-23,05:35AM,New Investor? Buy These Two Growth Stocks Motley Fool
AMZN,Jan-13-23,05:30AM,5 Potentially Explosive Stocks to Buy in 2023 Motley Fool
AMZN,Jan-13-23,05:25AM,Will Rivian Automotive Be a Trillion-Dollar Stock by 2030? Motley Fool
AMZN,Jan-13-23,01:20AM,Amazon to close Fresh Pickup location in Ballard American City Business Journals
AMZN,Jan-12-23,07:39PM,"Walmart, Salesforce Make Agreement - But Customers May Hate It TheStreet.com"
AMZN,Jan-12-23,04:58PM,23 Easy Ways To Save Money This Winter GOBankingRates
AMZN,Jan-12-23,03:16PM,Why Amazon Stock Was Gaining This Week Motley Fool
AMZN,Jan-12-23,03:07PM,Get ready for big tech dealsand IPOSssays top Silicon Valley VC Yahoo Finance
AMZN,Jan-12-23,03:07PM,Get ready for big tech dealsand IPOssays top Silicon Valley VC Yahoo Finance
AMZN,Jan-12-23,03:04PM,Get ready for big tech dealsand IPOSsays top Silicon Valley VC Yahoo Finance
AMZN,Jan-12-23,01:30PM,When Amazon comes to town American City Business Journals
AMZN,Jan-12-23,12:35PM,"Why Amazon, Chewy, and Roku Stocks All Traded Lower Thursday Morning Motley Fool"
AMZN,Jan-12-23,12:06PM,Amazons JFK8 union victory upheld by U.S. labor board Yahoo Finance Video
AMZN,Jan-12-23,11:00AM,How Much Is Jeff Bezos Worth? GOBankingRates
AMZN,Jan-12-23,10:53AM,"Amazon, Google struggle to get gaming efforts off the ground Yahoo Finance Video"
AMZN,Jan-12-23,10:26AM,"Walmart partners with Salesforce, Biden aides find more classified files, Amazon union certified Yahoo Finance Video"
AMZN,Jan-12-23,10:15AM,These 2 Stocks Are All-Stars In the Making Motley Fool
AMZN,Jan-12-23,10:07AM,Etsy Stock in 2023: Bull vs. Bear Motley Fool
AMZN,Jan-12-23,10:05AM,Rent the Runway Links With Amazon WWD
AMZN,Jan-12-23,09:30AM,Does Netflix Have a Huge Gap in Its Content Strategy? Motley Fool
AMZN,Jan-12-23,09:00AM,3 Reasons Why Amazon Can Beat Tesla Stock in 2023 Motley Fool
AMZN,Jan-12-23,08:20AM,Dow Jones Futures: Stock Market Rallies Into CPI Inflation Report; What To Look For Investor's Business Daily
AMZN,Jan-12-23,07:53AM,Should You Hold Amazon.com (AMZN)? Insider Monkey
AMZN,Jan-12-23,07:47AM,Staten Island Unionization Effort Remains Intact as Amazon Fails to Provide Proof Benzinga
AMZN,Jan-12-23,07:14AM,Amazon Appeal to Union Victory in New York Rejected The Wall Street Journal
AMZN,Jan-12-23,06:10AM,"If You Like Amazon, Microsoft, and Alphabet, Consider Buying This Stock, Too Motley Fool"
AMZN,Jan-12-23,05:35AM,3 Stocks I Will 'Never' Sell Motley Fool
AMZN,Jan-12-23,05:30AM,Should You Buy Amazon Before It Rallies? Motley Fool
AMZN,Jan-12-23,05:10AM,Could Amazon's Excess Warehouse Capacity Be a Blessing in Disguise? Motley Fool
AMZN,Jan-11-23,10:12PM,UPDATE 1-Amazon workers' union victory upheld by U.S. labor board director Reuters +5.81%
AMZN,Jan-11-23,09:19PM,"Amazon union wins certification, as regulator reaffirms historic Staten Island win Yahoo Finance"
AMZN,Jan-11-23,09:19PM,Amazon union wins certification after NLRB reaffirms historic Staten Island win Yahoo Finance
AMZN,Jan-11-23,08:41PM,Amazon Unions NYC Victory Certified by Federal Labor Board Bloomberg
AMZN,Jan-11-23,07:58PM,Amazon workers' union victory upheld by U.S. labor board director Reuters
AMZN,Jan-11-23,07:54PM,Amazon workers' union victory upheld by U.S. labor board director Reuters
AMZN,Jan-11-23,06:49PM,"Analyst Report: Amazon.com, Inc. Morningstar Research"
AMZN,Jan-11-23,05:57PM,Why the Avalanche Crypto Is Soaring Today Motley Fool
AMZN,Jan-11-23,05:18PM,"3 Reasons to Buy Amazon Stock, According to DBS TipRanks"
AMZN,Jan-11-23,03:10PM,Amazon Game Studios Executive Steps Down as Unit Struggles With Hits Bloomberg
AMZN,Jan-11-23,02:40PM,Why Microsoft Rallied Today Motley Fool
AMZN,Jan-11-23,01:14PM,Amazon Iron Condor Trade Could Return 28% Investor's Business Daily
AMZN,Jan-11-23,12:01PM,Why Amazon Stock Is Rallying Again Today Motley Fool
AMZN,Jan-11-23,10:45AM,1 Massive Reason to Buy This Warren Buffett Stock Trading Near 52-Week Lows Motley Fool
AMZN,Jan-11-23,10:07AM,2 Warren Buffett Stocks You Can Buy in January and Hold Forever Motley Fool
AMZN,Jan-11-23,09:45AM,These 3 Stocks Crashed by 40% in 2022. But Analysts Remain Bullish On Them Motley Fool
AMZN,Jan-11-23,08:17AM,Should You Buy Value Stocks and Sell Growth Stocks in 2023? Motley Fool
AMZN,Jan-11-23,08:10AM,Earn Passive Income for Years With This Dividend Stock Motley Fool
AMZN,Jan-11-23,08:08AM,Alphabet (GOOGL) Boosts YouTube Music With Redesigned Library Zacks
AMZN,Jan-11-23,07:15AM,Nasdaq Bear Market: 3 Stocks You'll Wish You Had in Your Portfolio Motley Fool
AMZN,Jan-11-23,07:00AM,Could Amazon Stock Bounce Back in 2023? Motley Fool
AMZN,Jan-10-23,05:51PM,NFL Regular-Season Ratings Fell Amid Thursday Night Football Move to Amazon The Wall Street Journal
AMZN,Jan-10-23,04:58PM,What Is ChatGPT and Why Is Microsoft Interested in Buying It? Motley Fool
AMZN,Jan-10-23,03:51PM,Amazons Audible Says Audiobook Preorders of Prince Harrys Spare Suffer Delays The Wall Street Journal
AMZN,Jan-10-23,03:43PM,Tech Layoffs Pile Up as Bosses Reverse Course WSJ
AMZN,Jan-10-23,03:33PM,"Meta, Amazon are investors favorite mega-cap stocks: JPMorgan survey Yahoo Finance Video"
AMZN,Jan-10-23,02:34PM,Amazon Is Expanding Its Buy With Prime Program. These Stocks Are Affected. Barrons.com
AMZN,Jan-10-23,02:32PM,"Amazon is challenging Shopify, and Shopifys stock is losing so far MarketWatch"
AMZN,Jan-10-23,02:10PM,"Netflix stock: 'Glass Onion,' 'Wednesday,' and 'Troll' drive resurgence Yahoo Finance"
AMZN,Jan-10-23,02:09PM,This Genius Move by Amazon Could Be Bad News for Shopify and PayPal Motley Fool
AMZN,Jan-10-23,12:26PM,Why Amazon.com Stock Just Popped Motley Fool
AMZN,Jan-10-23,11:47AM,"Amazon to shut 3 UK warehouses, putting 1,000+ jobs at risk Yahoo Finance Video"
AMZN,Jan-10-23,11:15AM,"Down Almost 50%, Is Amazon Stock a Buy In 2023? Motley Fool"
AMZN,Jan-10-23,10:49AM,How BlackBerry Stock Lost 33% in December Motley Fool
AMZN,Jan-10-23,10:24AM,Meta Named Favorite Internet Stock for 2023 in JPMorgan Survey Bloomberg
GS,Jan-16-23,10:08PM,Oil Steadies as Investors Look to Improvement in Chinese Demand Bloomberg
GS,Jan-13-23,05:33PM,Goldman Sachs Lost $3 Billion on Consumer Lending Push The Wall Street Journal
GS,Jan-13-23,04:45PM,"S&P 500 Within a Whisker of 4,000 in Stock Rebound: Markets Wrap Bloomberg"
GS,Jan-13-23,10:24AM,"Consumer sentiment index up as inflation eases, plus the top takeaways from bank earnings Yahoo Finance Video"
GS,Jan-13-23,09:18AM,"Goldman Sachs, JPMorgan, Other Banks Sell Off in Early Trading The Wall Street Journal"
GS,Jan-13-23,07:32AM,Loading…
GS,Jan-13-23,07:32AM,Your Guide to Fourth-Quarter Bank Earnings The Wall Street Journal
GS,Jan-13-23,06:29AM,Goldman Sachs Lost $3 Billion on Consumer Lending Push The Wall Street Journal
GS,Jan-12-23,03:14PM,Oil Rises a Sixth Day as US Data Shows Inflation Moderating Bloomberg
GS,Jan-10-23,09:58AM,Corporate mentions of efficiency signal rise in cost-cutting efforts Yahoo Finance Video
GS,Jan-10-23,09:45AM,The Companies Conducting Layoffs in 2023: Heres the List The Wall Street Journal
GS,Jan-09-23,03:48PM,"Goldman Sachs to cut up to 3,200 jobs this week Yahoo Finance Video"
GS,Jan-09-23,11:19AM,The Debate Swirling Inside HR Departments: How to Lay Off Workers The Wall Street Journal
GS,Jan-09-23,09:18AM,Earnings: What to expect from big banks this week Yahoo Finance Video
GS,Jan-09-23,07:37AM,"Goldman Sachs To Cut 3,200 Jobs Starting This Week The Wall Street Journal"
GS,Jan-09-23,07:37AM,"Goldman Sachs Plans To Cut 3,200 Jobs Starting This Week The Wall Street Journal"
GS,Jan-09-23,05:30AM,Loading…
GS,Jan-03-23,05:30AM,More Bosses Order Workers Back to the Office as Job Market Shifts The Wall Street Journal
GS,Dec-29-22,03:34PM,Goldman Sachs executives as riled up as ever amid mass layoff announcement: Reporter Yahoo Finance Video
GS,Dec-29-22,11:39AM,Goldman Sachs CEO says job cuts to come as soon as January Yahoo Finance
GS,Dec-28-22,10:26AM,Constellation Brands gets boost from Goldman Sachs ahead of earnings Yahoo Finance Video
GS,Dec-28-22,05:30AM,"Wall Streets Bankers Brace for Big Pay Cuts, but Bosses Dont Want Whining The Wall Street Journal"
GS,Dec-26-22,11:17PM,Rep.-Elect George Santos Admits He Lied About His Résumé The Wall Street Journal
GS,Dec-22-22,03:30PM,Goldman Offers More Services Through Apple as It Revamps Consumer-Banking Approach The Wall Street Journal
GS,Dec-22-22,09:25AM,Goldman Is Banking on Apple Partnership in Consumer Push The Wall Street Journal
GS,Dec-21-22,04:22PM,Goldman Sachs honors The Naked Market's Harrison Fugman and Alex Kost as part of their Top 100 Builders & Innovators of 2022 PR Newswire
GS,Dec-21-22,08:00AM,George Santos Was Just Elected to Congress. He Faces Scrutiny Over His Résumé. The Wall Street Journal
GS,Dec-20-22,11:45PM,Global Era of Negative Yields Is Ending as Japan Note Tops Zero Bloomberg
GS,Dec-16-22,04:28PM,Goldman Sachs Solomon misjudged architecture of consumer banking business: Reporter Yahoo Finance Video
GS,Dec-16-22,03:01PM,Layoff talk at Goldman Sachs follows a major hiring spree. Heres how other banks stack up Quartz
GS,Dec-16-22,02:52PM,"Goldman to lay off 4,000 employees American City Business Journals"
GS,Dec-16-22,02:24PM,Goldman Sachs planning to lay off thousands of employees Fox Business
GS,Dec-16-22,02:09PM,Loading…
GS,Dec-16-22,02:09PM,Goldman Sachs Plans to Cut Several Thousand Jobs Barrons.com
GS,Dec-16-22,12:34PM,"Goldman Sachs Plans Thousands of Layoffs, Expects to Eliminate Some Bonuses The Wall Street Journal"
GS,Dec-16-22,11:57AM,Goldman Sachs laying off up to 8% of its workforce MarketWatch
GS,Dec-16-22,11:36AM,"A Week After Morgan Stanley Layoffs, Goldman Sachs Axes 4,000 Jobs Benzinga"
GS,Dec-16-22,09:51AM,Goldman Sachs to cut up to 8% of its workforce in 2023: Report Yahoo Finance Video
GS,Dec-16-22,09:34AM,Goldman Sachs to cut thousands of employees - source Reuters
GS,Dec-16-22,08:55AM,Goldman Sachs to cut thousands of employees - source Reuters
GS,Dec-16-22,07:51AM,UPDATE 5-Goldman to cut thousands of staff as Wall Street layoffs intensify -source Reuters
GS,Dec-16-22,07:49AM,Goldman to cut thousands of staff as Wall Street layoffs intensify -source Reuters
GS,Dec-16-22,07:49AM,"Goldman Sachs to lay off up to 4,000 people -Semafor Reuters"
GS,Dec-15-22,03:59PM,Goldman Joins List of Big Banks Planning Bonus Cuts Investopedia
GS,Dec-15-22,08:47AM,Futures Selloff Deepens as ECB Adds to Fed Gloom: Markets Wrap Bloomberg
GS,Dec-15-22,08:23AM,Goldman weighs a 40% cut on investment banker bonuses as Wall Street goes from feast to famine Fortune
GS,Dec-14-22,02:04PM,Goldman Sachs considers at least 40% bonus cut for investment bankers - FT Reuters
GS,Dec-14-22,08:11AM,Goldmans Celebrated Club Shrinks Further With Tim ONeill Exit Bloomberg
GS,Dec-14-22,02:06AM,Dubai Is a New Hotspot for Idle Bankers Chasing IPO Deals Bloomberg
GS,Dec-13-22,05:50PM,Goldman Sachs (GS) Outpaces Stock Market Gains: What You Should Know Zacks
GS,Dec-13-22,10:28AM,"Goldman Sachs bullish on restaurant stocks including McDonalds, Chipotle Yahoo Finance Video"
GS,Dec-13-22,06:30AM,"Brazil Hedge Funds Go Global, Helping Drive Profits for Wall Street Banks Bloomberg"
GS,Dec-12-22,04:54PM,Goldman Sachs to stop making unsecured consumer loans - source Reuters
GS,Dec-12-22,04:52PM,UPDATE 1-Goldman Sachs to stop making unsecured consumer loans - source Reuters
GS,Dec-12-22,04:24PM,Goldman Sachs reportedly plans to cut hundreds more jobs Yahoo Finance Video
GS,Dec-12-22,02:16PM,Goldman Sachs to Cut at Least 400 More Jobs Bloomberg
GS,Dec-12-22,01:44PM,Goldman to Cut Hundreds More Jobs as Consumer Unit Scaled Back Bloomberg
GS,Dec-12-22,09:11AM,Goldman Sachs reportedly eyes further job cuts: Bloomberg Investing.com
GS,Dec-12-22,06:00AM,Goldman Sachs seismic shakeup puts power players in key positions Fortune
GS,Dec-12-22,03:27AM,Korea Strains Ease as Yields Drop for First Time Since 2021 Bloomberg
GS,Dec-11-22,10:50AM,Goldman Sachs Is Trying to Make Blockchain Bonds Happen CoinDesk
GS,Dec-11-22,07:00AM,"With The Goldman Sachs Group, Inc.'s (NYSE:GS)) price down 5.6% this week, insiders might find some solace having sold US$19m worth of shares earlier this year. Simply Wall St."
GS,Dec-11-22,05:30AM,Investors Grow More Confident Fed Will Pull Off a Soft Landing The Wall Street Journal
GS,Dec-09-22,01:41PM,Whats Ahead for Global Financial Markets The Wall Street Journal
GS,Dec-09-22,12:00PM,Who Isand IsntGetting a Holiday Bonus This Year The Wall Street Journal
GS,Dec-09-22,09:00AM,"The Goldman Sachs Group, Inc. (GS) Is a Trending Stock: Facts to Know Before Betting on It Zacks"
GS,Dec-09-22,07:19AM,3 Goldman Sachs Mutual Funds for Impressive Returns Zacks
GS,Dec-08-22,02:07PM,Region head for Goldman Sachs private wealth eyes growth as global giant embarks on DFW expansion American City Business Journals
GS,Dec-07-22,05:50PM,Goldman Sachs (GS) Dips More Than Broader Markets: What You Should Know Zacks
GS,Dec-07-22,11:31AM,Why Goldman Sachs Stock Climbed 12.1% Higher in November Motley Fool
GS,Dec-07-22,08:00AM,"The Goldman Sachs Group, Inc.'s (NYSE:GS) stock dropped 5.4% this week, offering solace to those who sold earlier in the year Simply Wall St."
GS,Dec-07-22,07:00AM,Goldman's digital asset chief sees 'interesting opportunities' to buy or invest in crypto companies: report MarketWatch
GS,Dec-07-22,06:45AM,"Goldman Sachs CEO says clients are shifting away from supply chain resiliency to keeping headcount down, but Im not hearing panic Fortune"
GS,Dec-06-22,08:00PM,Goldman Sachs to Invest Millions into Crypto Motley Fool
GS,Dec-06-22,05:06PM,Capital One CEO Sees Learning Curve for Finance: Goldman Update Bloomberg
GS,Dec-06-22,04:29PM,Short Sellers Vindicated Again With Bear-Market Rally Sputtering Bloomberg
GS,Dec-06-22,04:20PM,Goldman CEO: A 'very reasonable possibility' the economy enters recession next year Yahoo Finance
GS,Dec-06-22,03:17PM,Goldman CEO David Solomon Prepares for a Possible Recession The Wall Street Journal
GS,Dec-06-22,02:52PM,"Bank of America stock plunges, leading selloff in shares of largest U.S. banks MarketWatch"
GS,Dec-06-22,11:51AM,Goldman Sachs To Spend Tens of Millions of Dollars On Crypto Firms Investopedia
GS,Dec-06-22,08:25AM,"Goldman Sachs Plans Investing In FTX Hit Firms, Ticketmaster Slapped With Antitrust Lawsuit, Facebook Dating Gets Age Verification Tool: Top Stories Tuesday, Dec. 06 Benzinga"
GS,Dec-06-22,07:00AM,Is GAMDX a Strong Bond Fund Right Now? Zacks
GS,Dec-06-22,02:00AM,Goldman Sachs to Spend 'Tens of Millions' on Discounted Crypto Investments After FTX Implosion: Report CoinDesk
GS,Dec-06-22,01:10AM,Exclusive-Goldman Sachs on hunt for bargain crypto firms after FTX fiasco Reuters
GS,Dec-05-22,11:52PM,Goldman Sachs looks for opportunities in crypto after FTX bankruptcy Investing.com
GS,Dec-05-22,02:52PM,10 Best Jim Cramer Stocks to Buy Now Insider Monkey
GS,Dec-05-22,07:00AM,Dow Jones Stocks: Chevron Leads 5 Blue Chips Near Buy Points Investor's Business Daily
GS,Dec-03-22,01:29PM,Goldman Sachs Warns Traders Of Shrinking Bonus Pool Even As Trading Revenue Rises Benzinga
GS,Dec-02-22,04:38PM,Big banks announce plans to cut back on end-of-year bonuses Yahoo Finance Video
GS,Dec-02-22,01:17PM,"Goldman Sachs Needs to Cut Costs. Its Traders Are Paying the Price, Report Says. Barrons.com"
GS,Dec-02-22,12:41PM,Wall Street braces for big cuts to bonuses after dismal year Financial Times
GS,Dec-02-22,07:36AM,Wall Street bankers to see bonuses shrink as dealmaking sputters - Bloomberg Law Reuters
GS,Dec-02-22,07:32AM,Goldman warns of bonus cuts for traders - Bloomberg News Reuters
GS,Dec-02-22,04:33AM,Goldman Jolts Traders With Bonus Warning After Bumper Haul Bloomberg
GS,Dec-01-22,12:55PM,Mexico Posts $5.35 Billion Record Remittances From Workers Abroad Bloomberg
GS,Dec-01-22,09:25AM,Goldman Sachs (GS) to Pay SEC $4M Penalty Over ESG Fund Case (Revised) Zacks
GS,Nov-30-22,12:00AM,Goldman makes white-label bet on white-hot ETF market Financial Times
GS,Nov-29-22,05:45PM,Goldman Sachs (GS) Gains As Market Dips: What You Should Know Zacks
GS,Nov-29-22,10:33AM,Goldman Sachs sees less pain but also no gain for stocks in 2023 Yahoo Finance Video
GS,Nov-29-22,09:00AM,"The Goldman Sachs Group, Inc.'s (NYSE:GS) Low P/E No Reason For Excitement Simply Wall St."
GS,Nov-29-22,07:45AM,Stack Capital Invests $8 Million USD Into Locus Robotics GlobeNewswire
GS,Nov-29-22,07:40AM,"Abu Dhabi's ADNOC working with Goldman Sachs on gas business, sources say Reuters"
GS,Nov-28-22,01:09PM,"Commodities Drop as Covid Spread, China Protests Worsen Outlook Bloomberg"
